{"loss": 0.3194117844104767, "acc": 50, "trainingloss": 0.3183000087738037}