{"loss": 0.024959266185760498, "acc": 97, "trainingloss": 0.03227277100086212}