{"loss": 0.19857729971408844, "acc": 80, "trainingloss": 0.19036614894866943}