{"loss": 0.02316230535507202, "acc": 98, "trainingloss": 0.02942926622927189}