{"loss": 0.1832631230354309, "acc": 93, "trainingloss": 0.1754925549030304}