{"loss": 0.0838315561413765, "acc": 96, "trainingloss": 0.08247213810682297}